{"loss": [1.0710245370864868, 0.8279798626899719, 0.7743256092071533, 0.7417576313018799, 0.7171234488487244, 0.6965762972831726, 0.6787477135658264, 0.6682698130607605, 0.6532609462738037, 0.6440629363059998, 0.633015513420105, 0.6184391975402832, 0.6108648777008057, 0.602668046951294, 0.5954579710960388], "acc": [0.6532072424888611, 0.7277143001556396, 0.742560625076294, 0.752307116985321, 0.7620211839675903, 0.7663439512252808, 0.7720752358436584, 0.7737266421318054, 0.7778551578521729, 0.7826150059700012, 0.7850435376167297, 0.789706289768219, 0.7904510498046875, 0.7929443120956421, 0.7968137860298157], "val_loss": [0.7681507468223572, 0.7169073224067688, 0.6918057203292847, 0.705530047416687, 0.6667182445526123, 0.6616153120994568, 0.667730987071991, 0.6597107648849487, 0.6646774411201477, 0.6609143018722534, 0.6537379622459412, 0.6606366634368896, 0.6561205983161926, 0.659580647945404, 0.6616560220718384], "val_acc": [0.7429736852645874, 0.7517808675765991, 0.7612355947494507, 0.7553425431251526, 0.7706255912780762, 0.7701075077056885, 0.7713379263877869, 0.7760004997253418, 0.7791089415550232, 0.775417685508728, 0.7766481041908264, 0.7740577459335327, 0.77988600730896, 0.7785908579826355, 0.7791089415550232]}